Name, Matches
J Moss,33
DJ Constant,31
B Leadbeater,30
GP Harrison,29
F Chester,29
AGT Whitehead,29
TW Spencer,28
R Julian,27
LH Gray,26
WE Phillipson,24
AEG Rhodes,24
R Aspinall,24
JW Holder,23
JG Langridge,22
AA Jones,22
A Skelding,21
HG Baldwin,21
KE Palmer,21
B Dudleston,21
RA White,21
W Phillips,20
WFF Price,20
PB Wight,20
DO Oslear,20
JS Buller,19
BJ Meyer,19
R Palmer,19
FS Lee,18
CS Elliott,18
HD Bird,18
JH Harris,18
AJ Atfield,17
AE Street,17
H Elliott,17
A Jepson,17
JH Hampshire,17
H Yarnold,16
DR Shepherd,16
TE Jesty,16
JH Evans,16
H Bagshaw,15
HR Butt,15
GM Lee,15
H Elliott,15
AE Fagg,15
PJ Hartley,15
F Parris,14
W Bestwick,14
RSM Lay,14
P Willey,14
G Sharp,14
J Carlin,13
LC Braund,13
TW Oates,13
K McCanlis,13
JF Steele,13
NL Bainton,13
G Beet,12
WH Copson,12
GH Pope,12
WL Budd,12
KJ Lyons,12
JC Balderstone,12
GI Burgess,12
VA Holder,12
NGC Cowley,12
NJ Llong,12
RJ Bailey,12
NGB Cook,12
W Richards,11
W Reeves,11
OW Herman,11
C Cook,11
DGL Evans,11
NT Plews,11
JW Lloyds,11
MR Benson,11
B Brown,10
J Hardstaff,10
A Morton,10
A Dolphin,10
D Hendren,10
E Cooke,10
J Arnold,10
MJ Kitchen,10
NA Mallender,10
RT Robinson,10
SA Garratt,10
RG Barlow,9
CE Dench,9
J Blake,9
JP Whiteside,9
JH King,9
D Davies,9
AE Pothecary,9
PA Gibb,9
JF Crapp,9
H Mellows,9
WE Alley,9
A Clarkson,9
MJ Saggers,9
W Flowers,8
WCH Vining,8
TM Russell,8
RD Burrows,8
EF Field,8
E Robinson,8
TJ Bartley,8
JH Parks,8
F Jakeman,8
CG Pepper,8
PJ Eele,8
CE Richardson,7
CAR Coleman,7
AED Smith,7
DJ Wood,7
JA Jameson,7
MJ Harris,7
RA Kettleborough,7
FW Marlow,6
A Millward,6
WA Stockwin,6
C Marshall,6
HI Young,6
J Stone,6
JW Day,6
HW Lee,6
JA Smart,6
HL Palmer,6
AE Boulton-Carter,6
GS Mobey,6
DJ Halfyard,6
CT Spencer,6
JD Bond,6
SC Gale,6
PK Baldwin,6
RJ Warren,6
A White,5
W Attewell,5
GW Webb,5
JA Cuffe,5
D Denton,5
JA Newman,5
B Flint,5
JJ Hills,5
P Corrall,5
C Petrie,5
H Horton,5
J van Geloven,5
J Birkenshaw,5
MJD Bodenham,5
DJ Millns,5
GD Lloyd,5
JE West,4
FG Roberts,4
BW Mason,4
J Bedford,4
WH Ashdown,4
JT Bell,4
EA Roberts,4
N Oldfield,4
A Gaskell,4
PSG Stevens,4
RK Illingworth,4
AG Wharf,4
SJ O'Shaughnessy,4
PR Pollard,4
CM Watts,4
BJ Debenham,4
TA Brown,3
M Myers,3
H Baldwin,3
S Wrigley,3
FH Guttridge,3
WH Harden,3
A Nash,3
WR Parry,3
JW Hitch,3
CV Tarbox,3
J Tranter,3
CN Woolley,3
CH Welch,3
WT Jones,3
AJB Fowler,3
DE Davies,3
T Drinkwater,3
FC Gardner,3
RS Herman,3
Khalid Ibadulla,3
DS Thompsett,3
SB Hassan,3
GA Stickley,3
MA Gough,3
BV Taylor,3
AD Pougher,2
FG Willoughby,2
H Wood,2
GLR Hutchings,2
T Westborough,2
T Flowers,2
JH Board,2
GA Fuller,2
GH Watts,2
A Warren,2
H Draper,2
East,2
FH Sugg,2
WR Cuttell,2
AE Dipper,2
EJ Smith,2
CWL Parker,2
C Bentley,2
CF Root,2
A Mitchison,2
H Scott,2
A Lockett,2
HW Parks,2
HL Parkin,2
LJ Todd,2
JB Bowes,2
HE Hammond,2
DJ Dennis,2
Khizer Hayat,2
IJ Gould,2
M Burns,2
RJ Evans,2
ID Blackwell,2
IN Ramage,2
T Lungley,2
RA White,2
M Newell,2
A Shaw,1
S Brown,1
T Mycroft,1
AE Clapp,1
VA Titchmarsh,1
T Attewell,1
H Walmsley,1
AF Bannister,1
BC Smith,1
AE Trott,1
F Harry,1
H Barrett,1
AC McArthur,1
C Charlesworth,1
WAJ West,1
W Cooper,1
FW Lawday,1
H Thompson,1
LA Benwell,1
H Watson,1
JJ Bowles,1
G Brown,1
CAG Russell,1
N Kilner,1
FJ Durston,1
P Holmes,1
RJ Partridge,1
PT Mills,1
GP Heaton,1
H Cruice,1
A Riddington,1
E Paynter,1
W Place,1
AE Alderman,1
J O'Neill,1
EJ Rowe,1
RT Wilson,1
P Rochford,1
D Sang Hue,1
TG Wilson,1
FR Goodall,1
MA Eggleston,1
K Coburn,1
I Dawood,1
VK Sharma,1
PA Gustard,1
